<?xml version="1.0" encoding="UTF-8"?>
<project-private xmlns="http://www.netbeans.org/ns/project-private/1">
    <editor-bookmarks xmlns="http://www.netbeans.org/ns/editor-bookmarks/2" lastBookmarkId="0"/>
    <open-files xmlns="http://www.netbeans.org/ns/projectui-open-files/2">
        <group>
            <file>file:/D:/Kuliah/Coding/Apache/pendaftaranLomba/src/pendaftaranlomba/listAdmin.java</file>
            <file>file:/D:/Kuliah/Coding/Apache/pendaftaranLomba/src/pendaftaranlomba/listPeserta.java</file>
            <file>file:/D:/Kuliah/Coding/Apache/pendaftaranLomba/src/pendaftaranlomba/listTolak.java</file>
            <file>file:/D:/Kuliah/Coding/Apache/pendaftaranLomba/src/pendaftaranlomba/login.java</file>
            <file>file:/D:/Kuliah/Coding/Apache/pendaftaranLomba/src/pendaftaranlomba/PendaftaranLomba.java</file>
            <file>file:/D:/Kuliah/Coding/Apache/pendaftaranLomba/src/pendaftaranlomba/listGame.java</file>
            <file>file:/D:/Kuliah/Coding/Apache/pendaftaranLomba/src/pendaftaranlomba/listPending.java</file>
            <file>file:/D:/Kuliah/Coding/Apache/pendaftaranLomba/src/pendaftaranlomba/index.java</file>
        </group>
    </open-files>
</project-private>
